﻿pos_x,pos_y,rotation,side,designator,mpn,pack,value,mount_type,place
110.674,-155.565,90.0,bottom,D_0,,D_SOD-123,D,smt,True
317.124,-155.565,90.0,bottom,D_0,,D_SOD-123,D,smt,True
129.724,-155.565,90.0,bottom,D_1,,D_SOD-123,D,smt,True
336.174,-155.565,90.0,bottom,D_1,,D_SOD-123,D,smt,True
124.9615,-174.615,90.0,bottom,D_10,,D_SOD-123,D,smt,True
345.699,-174.615,90.0,bottom,D_10,,D_SOD-123,D,smt,True
167.824,-174.615,90.0,bottom,D_11,,D_SOD-123,D,smt,True
364.749,-174.615,90.0,bottom,D_11,,D_SOD-123,D,smt,True
186.874,-174.615,90.0,bottom,D_12,,D_SOD-123,D,smt,True
383.799,-174.615,90.0,bottom,D_12,,D_SOD-123,D,smt,True
205.924,-174.615,90.0,bottom,D_13,,D_SOD-123,D,smt,True
402.849,-174.615,90.0,bottom,D_13,,D_SOD-123,D,smt,True
224.974,-174.615,90.0,bottom,D_14,,D_SOD-123,D,smt,True
421.899,-174.615,90.0,bottom,D_14,,D_SOD-123,D,smt,True
244.024,-174.615,90.0,bottom,D_15,,D_SOD-123,D,smt,True
450.474,-174.615,90.0,bottom,D_15,,D_SOD-123,D,smt,True
263.074,-174.615,90.0,bottom,D_16,,D_SOD-123,D,smt,True
483.8115,-174.615,90.0,bottom,D_16,,D_SOD-123,D,smt,True
282.124,-174.615,90.0,bottom,D_17,,D_SOD-123,D,smt,True
502.8615,-174.615,90.0,bottom,D_17,,D_SOD-123,D,smt,True
101.149,-193.665,90.0,bottom,D_18,,D_SOD-123,D,smt,True
312.3615,-193.665,90.0,bottom,D_18,,D_SOD-123,D,smt,True
120.199,-193.665,90.0,bottom,D_19,,D_SOD-123,D,smt,True
331.4115,-193.665,90.0,bottom,D_19,,D_SOD-123,D,smt,True
158.299,-155.565,90.0,bottom,D_2,,D_SOD-123,D,smt,True
355.224,-155.565,90.0,bottom,D_2,,D_SOD-123,D,smt,True
172.5865,-193.665,90.0,bottom,D_20,,D_SOD-123,D,smt,True
350.4615,-193.665,90.0,bottom,D_20,,D_SOD-123,D,smt,True
191.6365,-193.665,90.0,bottom,D_21,,D_SOD-123,D,smt,True
369.5115,-193.665,90.0,bottom,D_21,,D_SOD-123,D,smt,True
210.6865,-193.665,90.0,bottom,D_22,,D_SOD-123,D,smt,True
388.5615,-193.665,90.0,bottom,D_22,,D_SOD-123,D,smt,True
229.7365,-193.665,90.0,bottom,D_23,,D_SOD-123,D,smt,True
407.6115,-193.665,90.0,bottom,D_23,,D_SOD-123,D,smt,True
248.7865,-193.665,90.0,bottom,D_24,,D_SOD-123,D,smt,True
450.474,-193.665,90.0,bottom,D_24,,D_SOD-123,D,smt,True
267.8365,-193.665,90.0,bottom,D_25,,D_SOD-123,D,smt,True
488.574,-193.665,90.0,bottom,D_25,,D_SOD-123,D,smt,True
105.9115,-212.715,90.0,bottom,D_26,,D_SOD-123,D,smt,True
507.624,-193.665,90.0,bottom,D_26,,D_SOD-123,D,smt,True
124.9615,-212.715,90.0,bottom,D_27,,D_SOD-123,D,smt,True
321.8865,-212.715,90.0,bottom,D_27,,D_SOD-123,D,smt,True
340.9365,-212.715,90.0,bottom,D_28,,D_SOD-123,D,smt,True
182.1115,-212.715,90.0,bottom,D_28,,D_SOD-123,D,smt,True
359.9865,-212.715,90.0,bottom,D_29,,D_SOD-123,D,smt,True
201.1615,-212.715,90.0,bottom,D_29,,D_SOD-123,D,smt,True
177.349,-155.565,90.0,bottom,D_3,,D_SOD-123,D,smt,True
374.274,-155.565,90.0,bottom,D_3,,D_SOD-123,D,smt,True
379.0365,-212.715,90.0,bottom,D_30,,D_SOD-123,D,smt,True
220.2115,-212.715,90.0,bottom,D_30,,D_SOD-123,D,smt,True
398.0865,-212.715,90.0,bottom,D_31,,D_SOD-123,D,smt,True
239.2615,-212.715,90.0,bottom,D_31,,D_SOD-123,D,smt,True
258.3115,-212.715,90.0,bottom,D_32,,D_SOD-123,D,smt,True
450.474,-212.715,90.0,bottom,D_32,,D_SOD-123,D,smt,True
277.3615,-212.715,90.0,bottom,D_33,,D_SOD-123,D,smt,True
483.8115,-212.715,90.0,bottom,D_33,,D_SOD-123,D,smt,True
110.674,-231.765,90.0,bottom,D_34,,D_SOD-123,D,smt,True
502.8615,-212.715,90.0,bottom,D_34,,D_SOD-123,D,smt,True
129.724,-231.765,90.0,bottom,D_35,,D_SOD-123,D,smt,True
350.4615,-231.765,90.0,bottom,D_35,,D_SOD-123,D,smt,True
163.0615,-231.765,90.0,bottom,D_36,,D_SOD-123,D,smt,True
374.274,-231.765,90.0,bottom,D_36,,D_SOD-123,D,smt,True
186.874,-231.765,90.0,bottom,D_37,,D_SOD-123,D,smt,True
398.0865,-231.765,90.0,bottom,D_37,,D_SOD-123,D,smt,True
210.6865,-231.765,90.0,bottom,D_38,,D_SOD-123,D,smt,True
421.899,-231.765,90.0,bottom,D_38,,D_SOD-123,D,smt,True
267.8365,-231.765,90.0,bottom,D_39,,D_SOD-123,D,smt,True
450.474,-231.765,90.0,bottom,D_39,,D_SOD-123,D,smt,True
196.399,-155.565,90.0,bottom,D_4,,D_SOD-123,D,smt,True
393.324,-155.565,90.0,bottom,D_4,,D_SOD-123,D,smt,True
479.049,-231.765,90.0,bottom,D_40,,D_SOD-123,D,smt,True
498.099,-231.765,90.0,bottom,D_41,,D_SOD-123,D,smt,True
215.449,-155.565,90.0,bottom,D_5,,D_SOD-123,D,smt,True
412.374,-155.565,90.0,bottom,D_5,,D_SOD-123,D,smt,True
234.499,-155.565,90.0,bottom,D_6,,D_SOD-123,D,smt,True
450.474,-155.565,90.0,bottom,D_6,,D_SOD-123,D,smt,True
253.549,-155.565,90.0,bottom,D_7,,D_SOD-123,D,smt,True
479.049,-155.565,90.0,bottom,D_7,,D_SOD-123,D,smt,True
272.599,-155.565,90.0,bottom,D_8,,D_SOD-123,D,smt,True
498.099,-155.565,90.0,bottom,D_8,,D_SOD-123,D,smt,True
105.9115,-174.615,90.0,bottom,D_9,,D_SOD-123,D,smt,True
326.649,-174.615,90.0,bottom,D_9,,D_SOD-123,D,smt,True
102.149,-155.065,0.0,top,K_0,,MX-1U-NoLED,KEYSW,tht,True
308.599,-155.065,0.0,top,K_0,,MX-1U-NoLED,KEYSW,tht,True
121.199,-155.065,0.0,top,K_1,,MX-1U-NoLED,KEYSW,tht,True
327.649,-155.065,0.0,top,K_1,,MX-1U-NoLED,KEYSW,tht,True
116.4365,-174.115,0.0,top,K_10,,MX-1U-NoLED,KEYSW,tht,True
337.174,-174.115,0.0,top,K_10,,MX-1U-NoLED,KEYSW,tht,True
356.224,-174.115,0.0,top,K_11,,MX-1U-NoLED,KEYSW,tht,True
154.5365,-174.115,0.0,top,K_11,,MX-1.5U-NoLED,KEYSW,tht,True
178.349,-174.115,0.0,top,K_12,,MX-1U-NoLED,KEYSW,tht,True
375.274,-174.115,0.0,top,K_12,,MX-1U-NoLED,KEYSW,tht,True
197.399,-174.115,0.0,top,K_13,,MX-1U-NoLED,KEYSW,tht,True
394.324,-174.115,0.0,top,K_13,,MX-1U-NoLED,KEYSW,tht,True
216.449,-174.115,0.0,top,K_14,,MX-1U-NoLED,KEYSW,tht,True
413.374,-174.115,0.0,top,K_14,,MX-1U-NoLED,KEYSW,tht,True
235.499,-174.115,0.0,top,K_15,,MX-1U-NoLED,KEYSW,tht,True
437.1865,-174.115,0.0,top,K_15,,MX-1.5U-NoLED,KEYSW,tht,True
254.549,-174.115,0.0,top,K_16,,MX-1U-NoLED,KEYSW,tht,True
475.2865,-174.115,0.0,top,K_16,,MX-1U-NoLED,KEYSW,tht,True
273.599,-174.115,0.0,top,K_17,,MX-1U-NoLED,KEYSW,tht,True
494.3365,-174.115,0.0,top,K_17,,MX-1U-NoLED,KEYSW,tht,True
92.624,-193.165,0.0,top,K_18,,MX-1U-NoLED,KEYSW,tht,True
303.8365,-193.165,0.0,top,K_18,,MX-1U-NoLED,KEYSW,tht,True
111.674,-193.165,0.0,top,K_19,,MX-1U-NoLED,KEYSW,tht,True
322.8865,-193.165,0.0,top,K_19,,MX-1U-NoLED,KEYSW,tht,True
149.774,-155.065,0.0,top,K_2,,MX-1U-NoLED,KEYSW,tht,True
346.699,-155.065,0.0,top,K_2,,MX-1U-NoLED,KEYSW,tht,True
341.9365,-193.165,0.0,top,K_20,,MX-1U-NoLED,KEYSW,tht,True
156.91775,-193.165,0.0,top,K_20,,MX-1.75U-NoLED,KEYSW,tht,True
183.1115,-193.165,0.0,top,K_21,,MX-1U-NoLED,KEYSW,tht,True
360.9865,-193.165,0.0,top,K_21,,MX-1U-NoLED,KEYSW,tht,True
202.1615,-193.165,0.0,top,K_22,,MX-1U-NoLED,KEYSW,tht,True
380.0365,-193.165,0.0,top,K_22,,MX-1U-NoLED,KEYSW,tht,True
221.2115,-193.165,0.0,top,K_23,,MX-1U-NoLED,KEYSW,tht,True
399.0865,-193.165,0.0,top,K_23,,MX-1U-NoLED,KEYSW,tht,True
240.2615,-193.165,0.0,top,K_24,,MX-1U-NoLED,KEYSW,tht,True
430.04275,-193.165,0.0,top,K_24,,MX-2.25U-NoLED,KEYSW,tht,True
259.3115,-193.165,0.0,top,K_25,,MX-1U-NoLED,KEYSW,tht,True
480.049,-193.165,0.0,top,K_25,,MX-1U-NoLED,KEYSW,tht,True
97.3865,-212.215,0.0,top,K_26,,MX-1U-NoLED,KEYSW,tht,True
499.099,-193.165,0.0,top,K_26,,MX-1U-NoLED,KEYSW,tht,True
116.4365,-212.215,0.0,top,K_27,,MX-1U-NoLED,KEYSW,tht,True
313.3615,-212.215,0.0,top,K_27,,MX-1U-NoLED,KEYSW,tht,True
332.4115,-212.215,0.0,top,K_28,,MX-1U-NoLED,KEYSW,tht,True
161.68025,-212.215,0.0,top,K_28,,MX-2.25U-NoLED,KEYSW,tht,True
192.6365,-212.215,0.0,top,K_29,,MX-1U-NoLED,KEYSW,tht,True
351.4615,-212.215,0.0,top,K_29,,MX-1U-NoLED,KEYSW,tht,True
168.824,-155.065,0.0,top,K_3,,MX-1U-NoLED,KEYSW,tht,True
365.749,-155.065,0.0,top,K_3,,MX-1U-NoLED,KEYSW,tht,True
211.6865,-212.215,0.0,top,K_30,,MX-1U-NoLED,KEYSW,tht,True
370.5115,-212.215,0.0,top,K_30,,MX-1U-NoLED,KEYSW,tht,True
230.7365,-212.215,0.0,top,K_31,,MX-1U-NoLED,KEYSW,tht,True
389.5615,-212.215,0.0,top,K_31,,MX-1U-NoLED,KEYSW,tht,True
249.7865,-212.215,0.0,top,K_32,,MX-1U-NoLED,KEYSW,tht,True
425.28025,-212.215,0.0,top,K_32,,MX-2.75U-NoLED,KEYSW,tht,True
268.8365,-212.215,0.0,top,K_33,,MX-1U-NoLED,KEYSW,tht,True
475.2865,-212.215,0.0,top,K_33,,MX-1U-NoLED,KEYSW,tht,True
102.149,-231.265,0.0,top,K_34,,MX-1U-NoLED,KEYSW,tht,True
494.3365,-212.215,0.0,top,K_34,,MX-1U-NoLED,KEYSW,tht,True
121.199,-231.265,0.0,top,K_35,,MX-1U-NoLED,KEYSW,tht,True
322.8865,-231.265,0.0,top,K_35,,MX-3U-NoLED,KEYSW,tht,True
152.15525,-231.265,0.0,top,K_36,,MX-1.25U-NoLED,KEYSW,tht,True
363.36775,-231.265,0.0,top,K_36,,MX-1.25U-NoLED,KEYSW,tht,True
387.18025,-231.265,0.0,top,K_37,,MX-1.25U-NoLED,KEYSW,tht,True
175.96775,-231.265,0.0,top,K_37,,MX-1.25U-NoLED,KEYSW,tht,True
410.99275,-231.265,0.0,top,K_38,,MX-1.25U-NoLED,KEYSW,tht,True
199.78025,-231.265,0.0,top,K_38,,MX-1.25U-NoLED,KEYSW,tht,True
240.2615,-231.265,0.0,top,K_39,,MX-3U-NoLED,KEYSW,tht,True
437.1865,-231.265,0.0,top,K_39,,MX-1.5U-NoLED,KEYSW,tht,True
187.874,-155.065,0.0,top,K_4,,MX-1U-NoLED,KEYSW,tht,True
384.799,-155.065,0.0,top,K_4,,MX-1U-NoLED,KEYSW,tht,True
470.524,-231.265,0.0,top,K_40,,MX-1U-NoLED,KEYSW,tht,True
489.574,-231.265,0.0,top,K_41,,MX-1U-NoLED,KEYSW,tht,True
206.924,-155.065,0.0,top,K_5,,MX-1U-NoLED,KEYSW,tht,True
403.849,-155.065,0.0,top,K_5,,MX-1U-NoLED,KEYSW,tht,True
225.974,-155.065,0.0,top,K_6,,MX-1U-NoLED,KEYSW,tht,True
432.424,-155.065,0.0,top,K_6,,MX-2U-NoLED,KEYSW,tht,True
245.024,-155.065,0.0,top,K_7,,MX-1U-NoLED,KEYSW,tht,True
470.524,-155.065,0.0,top,K_7,,MX-1U-NoLED,KEYSW,tht,True
264.074,-155.065,0.0,top,K_8,,MX-1U-NoLED,KEYSW,tht,True
489.574,-155.065,0.0,top,K_8,,MX-1U-NoLED,KEYSW,tht,True
97.3865,-174.115,0.0,top,K_9,,MX-1U-NoLED,KEYSW,tht,True
318.124,-174.115,0.0,top,K_9,,MX-1U-NoLED,KEYSW,tht,True
