﻿pos_x,pos_y,rotation,side,designator,mpn,pack,value,mount_type,place
478.739804,-393.251069,180.0,bottom,,,,,tht,True
110.4165,-161.715,90.0,bottom,D_0,,D_SOD-123,D,smt,True
129.4665,-161.715,90.0,bottom,D_1,,D_SOD-123,D,smt,True
334.95375,-161.715,90.0,bottom,D_10,,D_SOD-123,D,smt,True
354.00375,-161.715,90.0,bottom,D_11,,D_SOD-123,D,smt,True
373.05375,-161.715,90.0,bottom,D_12,,D_SOD-123,D,smt,True
392.10375,-161.715,90.0,bottom,D_13,,D_SOD-123,D,smt,True
411.15375,-161.715,90.0,bottom,D_14,,D_SOD-123,D,smt,True
449.25375,-161.715,90.0,bottom,D_15,,D_SOD-123,D,smt,True
478.279,-161.915,90.0,bottom,D_16,,D_SOD-123,D,smt,True
497.06675,-161.915,90.0,bottom,D_17,,D_SOD-123,D,smt,True
105.654,-180.765,90.0,bottom,D_18,,D_SOD-123,D,smt,True
124.704,-180.765,90.0,bottom,D_19,,D_SOD-123,D,smt,True
158.0415,-161.715,90.0,bottom,D_2,,D_SOD-123,D,smt,True
167.5665,-180.765,90.0,bottom,D_20,,D_SOD-123,D,smt,True
186.6165,-180.765,90.0,bottom,D_21,,D_SOD-123,D,smt,True
205.6665,-180.765,90.0,bottom,D_22,,D_SOD-123,D,smt,True
224.7165,-180.765,90.0,bottom,D_23,,D_SOD-123,D,smt,True
243.7665,-180.765,90.0,bottom,D_24,,D_SOD-123,D,smt,True
262.8165,-180.765,90.0,bottom,D_25,,D_SOD-123,D,smt,True
281.629,-180.74,90.0,bottom,D_26,,D_SOD-123,D,smt,True
325.42875,-180.765,90.0,bottom,D_27,,D_SOD-123,D,smt,True
344.47875,-180.765,90.0,bottom,D_28,,D_SOD-123,D,smt,True
363.52875,-180.765,90.0,bottom,D_29,,D_SOD-123,D,smt,True
177.0915,-161.715,90.0,bottom,D_3,,D_SOD-123,D,smt,True
382.57875,-180.765,90.0,bottom,D_30,,D_SOD-123,D,smt,True
401.62875,-180.765,90.0,bottom,D_31,,D_SOD-123,D,smt,True
420.67875,-180.765,90.0,bottom,D_32,,D_SOD-123,D,smt,True
449.25375,-180.765,90.0,bottom,D_33,,D_SOD-123,D,smt,True
482.59125,-180.765,90.0,bottom,D_34,,D_SOD-123,D,smt,True
501.379,-180.765,90.0,bottom,D_35,,D_SOD-123,D,smt,True
100.8915,-199.815,90.0,bottom,D_36,,D_SOD-123,D,smt,True
119.9415,-199.815,90.0,bottom,D_37,,D_SOD-123,D,smt,True
172.329,-199.815,90.0,bottom,D_38,,D_SOD-123,D,smt,True
191.379,-199.815,90.0,bottom,D_39,,D_SOD-123,D,smt,True
196.1415,-161.715,90.0,bottom,D_4,,D_SOD-123,D,smt,True
210.429,-199.815,90.0,bottom,D_40,,D_SOD-123,D,smt,True
229.479,-199.815,90.0,bottom,D_41,,D_SOD-123,D,smt,True
248.529,-199.815,90.0,bottom,D_42,,D_SOD-123,D,smt,True
267.3415,-199.79,90.0,bottom,D_43,,D_SOD-123,D,smt,True
311.14125,-199.815,90.0,bottom,D_44,,D_SOD-123,D,smt,True
330.19125,-199.815,90.0,bottom,D_45,,D_SOD-123,D,smt,True
349.24125,-199.815,90.0,bottom,D_46,,D_SOD-123,D,smt,True
368.29125,-199.815,90.0,bottom,D_47,,D_SOD-123,D,smt,True
387.34125,-199.815,90.0,bottom,D_48,,D_SOD-123,D,smt,True
406.39125,-199.815,90.0,bottom,D_49,,D_SOD-123,D,smt,True
215.1915,-161.715,90.0,bottom,D_5,,D_SOD-123,D,smt,True
449.25375,-199.815,90.0,bottom,D_50,,D_SOD-123,D,smt,True
487.35375,-199.815,90.0,bottom,D_51,,D_SOD-123,D,smt,True
506.1415,-199.815,90.0,bottom,D_52,,D_SOD-123,D,smt,True
105.654,-218.865,90.0,bottom,D_53,,D_SOD-123,D,smt,True
124.704,-218.865,90.0,bottom,D_54,,D_SOD-123,D,smt,True
181.854,-218.865,90.0,bottom,D_55,,D_SOD-123,D,smt,True
200.904,-218.865,90.0,bottom,D_56,,D_SOD-123,D,smt,True
219.954,-218.865,90.0,bottom,D_57,,D_SOD-123,D,smt,True
239.004,-218.865,90.0,bottom,D_58,,D_SOD-123,D,smt,True
258.054,-218.865,90.0,bottom,D_59,,D_SOD-123,D,smt,True
234.2415,-161.715,90.0,bottom,D_6,,D_SOD-123,D,smt,True
276.8665,-218.84,90.0,bottom,D_60,,D_SOD-123,D,smt,True
320.66625,-218.865,90.0,bottom,D_61,,D_SOD-123,D,smt,True
339.71625,-218.865,90.0,bottom,D_62,,D_SOD-123,D,smt,True
358.76625,-218.865,90.0,bottom,D_63,,D_SOD-123,D,smt,True
377.81625,-218.865,90.0,bottom,D_64,,D_SOD-123,D,smt,True
396.86625,-218.865,90.0,bottom,D_65,,D_SOD-123,D,smt,True
449.25375,-218.865,90.0,bottom,D_66,,D_SOD-123,D,smt,True
482.59125,-218.865,90.0,bottom,D_67,,D_SOD-123,D,smt,True
501.379,-218.865,90.0,bottom,D_68,,D_SOD-123,D,smt,True
110.4165,-237.915,90.0,bottom,D_69,,D_SOD-123,D,smt,True
253.2915,-161.715,90.0,bottom,D_7,,D_SOD-123,D,smt,True
129.4665,-237.915,90.0,bottom,D_70,,D_SOD-123,D,smt,True
162.804,-237.915,90.0,bottom,D_71,,D_SOD-123,D,smt,True
186.6165,-237.915,90.0,bottom,D_72,,D_SOD-123,D,smt,True
210.429,-237.915,90.0,bottom,D_73,,D_SOD-123,D,smt,True
267.3415,-237.89,90.0,bottom,D_74,,D_SOD-123,D,smt,True
349.24125,-237.915,90.0,bottom,D_75,,D_SOD-123,D,smt,True
373.05375,-237.915,90.0,bottom,D_76,,D_SOD-123,D,smt,True
396.86625,-237.915,90.0,bottom,D_77,,D_SOD-123,D,smt,True
420.67875,-237.915,90.0,bottom,D_78,,D_SOD-123,D,smt,True
449.25375,-237.915,90.0,bottom,D_79,,D_SOD-123,D,smt,True
272.104,-161.69,90.0,bottom,D_8,,D_SOD-123,D,smt,True
477.82875,-237.915,90.0,bottom,D_80,,D_SOD-123,D,smt,True
496.6165,-237.915,90.0,bottom,D_81,,D_SOD-123,D,smt,True
315.90375,-161.715,90.0,bottom,D_9,,D_SOD-123,D,smt,True
102.204,-154.84,0.0,top,K_0,,Hotswap_MX_Plated_1.00u,KEYSW,smt,True
121.254,-154.84,0.0,top,K_1,,Hotswap_MX_Plated_1.00u,KEYSW,smt,True
326.74125,-154.84,0.0,top,K_10,,Hotswap_MX_Plated_1.00u,KEYSW,smt,True
345.79125,-154.84,0.0,top,K_11,,Hotswap_MX_Plated_1.00u,KEYSW,smt,True
364.84125,-154.84,0.0,top,K_12,,Hotswap_MX_Plated_1.00u,KEYSW,smt,True
383.89125,-154.84,0.0,top,K_13,,Hotswap_MX_Plated_1.00u,KEYSW,smt,True
402.94125,-154.84,0.0,top,K_14,,Hotswap_MX_Plated_1.00u,KEYSW,smt,True
431.51625,-154.84,0.0,top,K_15,,Hotswap_MX_Plated_1.00u,KEYSW,smt,True
469.61625,-154.84,0.0,top,K_16,,Hotswap_MX_Plated_1.00u,KEYSW,smt,True
488.66625,-154.84,0.0,top,K_17,,Hotswap_MX_Plated_1.00u,KEYSW,smt,True
97.4415,-173.89,0.0,top,K_18,,Hotswap_MX_Plated_1.00u,KEYSW,smt,True
116.4915,-173.89,0.0,top,K_19,,Hotswap_MX_Plated_1.00u,KEYSW,smt,True
149.829,-154.84,0.0,top,K_2,,Hotswap_MX_Plated_1.00u,KEYSW,smt,True
154.5915,-173.89,0.0,top,K_20,,Hotswap_MX_Plated_1.50u,KEYSW,smt,True
178.404,-173.89,0.0,top,K_21,,Hotswap_MX_Plated_1.00u,KEYSW,smt,True
197.454,-173.89,0.0,top,K_22,,Hotswap_MX_Plated_1.00u,KEYSW,smt,True
216.504,-173.89,0.0,top,K_23,,Hotswap_MX_Plated_1.00u,KEYSW,smt,True
235.554,-173.89,0.0,top,K_24,,Hotswap_MX_Plated_1.00u,KEYSW,smt,True
254.604,-173.89,0.0,top,K_25,,Hotswap_MX_Plated_1.00u,KEYSW,smt,True
273.654,-173.89,0.0,top,K_26,,Hotswap_MX_Plated_1.00u,KEYSW,smt,True
317.21625,-173.89,0.0,top,K_27,,Hotswap_MX_Plated_1.00u,KEYSW,smt,True
336.26625,-173.89,0.0,top,K_28,,Hotswap_MX_Plated_1.00u,KEYSW,smt,True
355.31625,-173.89,0.0,top,K_29,,Hotswap_MX_Plated_1.00u,KEYSW,smt,True
168.879,-154.84,0.0,top,K_3,,Hotswap_MX_Plated_1.00u,KEYSW,smt,True
374.36625,-173.89,0.0,top,K_30,,Hotswap_MX_Plated_1.00u,KEYSW,smt,True
393.41625,-173.89,0.0,top,K_31,,Hotswap_MX_Plated_1.00u,KEYSW,smt,True
412.46625,-173.89,0.0,top,K_32,,Hotswap_MX_Plated_1.00u,KEYSW,smt,True
436.27875,-173.89,0.0,top,K_33,,Hotswap_MX_Plated_1.50u,KEYSW,smt,True
474.37875,-173.89,0.0,top,K_34,,Hotswap_MX_Plated_1.00u,KEYSW,smt,True
493.42875,-173.89,0.0,top,K_35,,Hotswap_MX_Plated_1.00u,KEYSW,smt,True
92.679,-192.94,0.0,top,K_36,,Hotswap_MX_Plated_1.00u,KEYSW,smt,True
111.729,-192.94,0.0,top,K_37,,Hotswap_MX_Plated_1.00u,KEYSW,smt,True
156.97275,-192.94,0.0,top,K_38,,Hotswap_MX_Plated_1.75u,KEYSW,smt,True
183.1665,-192.94,0.0,top,K_39,,Hotswap_MX_Plated_1.00u,KEYSW,smt,True
187.929,-154.84,0.0,top,K_4,,Hotswap_MX_Plated_1.00u,KEYSW,smt,True
202.2165,-192.94,0.0,top,K_40,,Hotswap_MX_Plated_1.00u,KEYSW,smt,True
221.2665,-192.94,0.0,top,K_41,,Hotswap_MX_Plated_1.00u,KEYSW,smt,True
240.3165,-192.94,0.0,top,K_42,,Hotswap_MX_Plated_1.00u,KEYSW,smt,True
259.3665,-192.94,0.0,top,K_43,,Hotswap_MX_Plated_1.00u,KEYSW,smt,True
302.92875,-192.94,0.0,top,K_44,,Hotswap_MX_Plated_1.00u,KEYSW,smt,True
321.97875,-192.94,0.0,top,K_45,,Hotswap_MX_Plated_1.00u,KEYSW,smt,True
341.02875,-192.94,0.0,top,K_46,,Hotswap_MX_Plated_1.00u,KEYSW,smt,True
360.07875,-192.94,0.0,top,K_47,,Hotswap_MX_Plated_1.00u,KEYSW,smt,True
379.12875,-192.94,0.0,top,K_48,,Hotswap_MX_Plated_1.00u,KEYSW,smt,True
398.17875,-192.94,0.0,top,K_49,,Hotswap_MX_Plated_1.00u,KEYSW,smt,True
206.979,-154.84,0.0,top,K_5,,Hotswap_MX_Plated_1.00u,KEYSW,smt,True
429.135,-192.94,0.0,top,K_50,,Hotswap_MX_Plated_2.25u,KEYSW,smt,True
479.14125,-192.94,0.0,top,K_51,,Hotswap_MX_Plated_1.00u,KEYSW,smt,True
498.19125,-192.94,0.0,top,K_52,,Hotswap_MX_Plated_1.00u,KEYSW,smt,True
97.4415,-211.99,0.0,top,K_53,,Hotswap_MX_Plated_1.00u,KEYSW,smt,True
116.4915,-211.99,0.0,top,K_54,,Hotswap_MX_Plated_1.00u,KEYSW,smt,True
161.73525,-211.99,0.0,top,K_55,,Hotswap_MX_Plated_2.25u,KEYSW,smt,True
192.6915,-211.99,0.0,top,K_56,,Hotswap_MX_Plated_1.00u,KEYSW,smt,True
211.7415,-211.99,0.0,top,K_57,,Hotswap_MX_Plated_1.00u,KEYSW,smt,True
230.7915,-211.99,0.0,top,K_58,,Hotswap_MX_Plated_1.00u,KEYSW,smt,True
249.8415,-211.99,0.0,top,K_59,,Hotswap_MX_Plated_1.00u,KEYSW,smt,True
226.029,-154.84,0.0,top,K_6,,Hotswap_MX_Plated_1.00u,KEYSW,smt,True
268.8915,-211.99,0.0,top,K_60,,Hotswap_MX_Plated_1.00u,KEYSW,smt,True
312.45375,-211.99,0.0,top,K_61,,Hotswap_MX_Plated_1.00u,KEYSW,smt,True
331.50375,-211.99,0.0,top,K_62,,Hotswap_MX_Plated_1.00u,KEYSW,smt,True
350.55375,-211.99,0.0,top,K_63,,Hotswap_MX_Plated_1.00u,KEYSW,smt,True
369.60375,-211.99,0.0,top,K_64,,Hotswap_MX_Plated_1.00u,KEYSW,smt,True
388.65375,-211.99,0.0,top,K_65,,Hotswap_MX_Plated_1.00u,KEYSW,smt,True
424.3725,-211.99,0.0,top,K_66,,Hotswap_MX_Plated_2.75u,KEYSW,smt,True
474.37875,-211.99,0.0,top,K_67,,Hotswap_MX_Plated_1.00u,KEYSW,smt,True
493.42875,-211.99,0.0,top,K_68,,Hotswap_MX_Plated_1.00u,KEYSW,smt,True
102.204,-231.04,0.0,top,K_69,,Hotswap_MX_Plated_1.00u,KEYSW,smt,True
245.079,-154.84,0.0,top,K_7,,Hotswap_MX_Plated_1.00u,KEYSW,smt,True
121.254,-231.04,0.0,top,K_70,,Hotswap_MX_Plated_1.00u,KEYSW,smt,True
152.21025,-231.04,0.0,top,K_71,,Hotswap_MX_Plated_1.25u,KEYSW,smt,True
176.02275,-231.04,0.0,top,K_72,,Hotswap_MX_Plated_1.25u,KEYSW,smt,True
199.83525,-231.04,0.0,top,K_73,,Hotswap_MX_Plated_1.25u,KEYSW,smt,True
240.3165,-231.04,0.0,top,K_74,,Hotswap_MX_Plated_3.00u,KEYSW,smt,True
321.97875,-231.04,0.0,top,K_75,,Hotswap_MX_Plated_3.00u,KEYSW,smt,True
362.46,-231.04,0.0,top,K_76,,Hotswap_MX_Plated_1.25u,KEYSW,smt,True
386.2725,-231.04,0.0,top,K_77,,Hotswap_MX_Plated_1.25u,KEYSW,smt,True
410.085,-231.04,0.0,top,K_78,,Hotswap_MX_Plated_1.25u,KEYSW,smt,True
436.27875,-231.04,0.0,top,K_79,,Hotswap_MX_Plated_1.50u,KEYSW,smt,True
264.129,-154.84,0.0,top,K_8,,Hotswap_MX_Plated_1.00u,KEYSW,smt,True
469.61625,-231.04,0.0,top,K_80,,Hotswap_MX_Plated_1.00u,KEYSW,smt,True
488.66625,-231.04,0.0,top,K_81,,Hotswap_MX_Plated_1.00u,KEYSW,smt,True
307.69125,-154.84,0.0,top,K_9,,Hotswap_MX_Plated_1.00u,KEYSW,smt,True
149.929,-114.451069,0.0,top,U1,,RP2040_Zero,RP2040_Zero,tht,True
440.152696,-114.291069,0.0,top,U2,,RP2040_Zero,RP2040_Zero,tht,True
263.117446,-104.365,0.0,top,U3,,TRRS_PJ-320A,TRRS,tht,True
308.676938,-104.4525,0.0,top,U4,,TRRS_PJ-320A,TRRS,tht,True
